Fecha,Fecha de ejecución,Concepto,Descripción,Importe,Balance,Moneda,Ignorada,Signo cambiado,Categorías,Contacto - ID,Contacto - Nombre,Contacto - Nota interna,Contacto - NIF,Banco,Producto - Nombre,Producto - IBAN,ID,Archivos,Facturas
24/09/2026,25/09/2026,Netflix.com,Netflix.com,"-14,99","2844,93",EUR,FALSE,FALSE,Suscripciones,,,,,Wise Personal,,,bt-0001,,
22/09/2026,22/09/2026,Mercadona,Compra con tarjeta en Mercadona,"-58,76",,EUR,FALSE,FALSE,Supermercados,,,,,MyInvestor,Cuenta Corriente,ES0000000000000000000001,bt-0002,,
22/09/2026,22/09/2026,Panadería,,"-3,5","1203,4",EUR,FALSE,FALSE,Supermercados,,,,,MyInvestor,Cuenta Corriente,ES0000000000000000000001,bt-0003,,
21/09/2026,21/09/2026,Recarga de cuenta,,"10,04",,EUR,FALSE,FALSE,Traspasos Propios,,,,,Wise Personal,,,bt-0004,,
20/09/2026,20/09/2026,Comisión de mantenimiento,,"-0,9",,EUR,FALSE,FALSE,Comisiones,,,,,BBVA Conjunta,,,bt-0005,,
,,,,,,,,,,,,,,,,,,,
18/09/2026,18/09/2026,Material de oficina,Material de oficina,"-23,1",,EUR,FALSE,FALSE,"Empresa, Gastos Empresa",c-0001,Papelería Ejemplo,,B00000000,Cash,,,bt-0006,,
15/09/2026,15/09/2026,Alquiler piso,,1200,"3001,2",EUR,FALSE,FALSE,Ingresos alquiler,,,,,BBVA Conjunta,Cuenta Conjunta,,bt-0007,,
12/09/2026,12/09/2026,Devolución a un amigo,,"-158,68",,EUR,TRUE,FALSE,Otros,,,,,BBVA Conjunta,Cuenta Conjunta,,bt-0008,,
10/09/2026,10/09/2026,Ferretería,,"-12,3",,EUR,FALSE,FALSE,Hogar,,,,,BBVA Conjunta,ES0000000000000000000002,,bt-0009,,
05/09/2026,05/09/2026,Transferencia recibida,,20,,EUR,FALSE,FALSE,,,,,,Wise Personal,,,bt-0010,,
01/09/2026,01/09/2026,Cuota gimnasio,,"-29,9","1500",EUR,TRUE,FALSE,Ocio,,,,,Wise Personal,,,bt-0011,,
28/08/2026,28/08/2026,Taxi aeropuerto,,-35,,EUR,FALSE,FALSE,"Empresa, Viajes",,,,,Cash,,,bt-0012,,
